{
  "mean": [
    0.1014469712972641,
    0.2251605987548828
  ],
  "std": [
    2.1360106468200684,
    2.379516839981079
  ]
}