{
  "mean": [
    0.27704766392707825,
    0.18576563894748688
  ],
  "std": [
    2.906399726867676,
    3.0190682411193848
  ]
}