{
  "mean": [
    0.015083483420312405,
    0.01849130354821682
  ],
  "std": [
    0.3012833893299103,
    0.3076156973838806
  ]
}